{
  "ssd": {
    "Car": {
      "precision": 0.9312157721796276,
      "recall": 0.7218543046357616,
      "f1": 0.8132772144633633
    },
    "Van": {
      "precision": 0.8716814159292036,
      "recall": 0.3456140350877193,
      "f1": 0.49497487437185933
    },
    "Truck": {
      "precision": 0.8934426229508197,
      "recall": 0.4801762114537445,
      "f1": 0.6246418338108883
    },
    "Pedestrian": {
      "precision": 0.8339350180505415,
      "recall": 0.2521834061135371,
      "f1": 0.3872590108968985
    },
    "Cyclist": {
      "precision": 0.7534246575342466,
      "recall": 0.17857142857142858,
      "f1": 0.2887139107611549
    },
    "Misc": {
      "precision": 0.8648648648648649,
      "recall": 0.1711229946524064,
      "f1": 0.2857142857142857
    }
  }
}