{
  "train_loss": [
    4.143570326308516,
    2.8987181758020015,
    2.5979127150009025,
    2.385578641757608,
    2.223079150213915,
    2.0767094673798048,
    1.9482333829058682,
    1.836201964733116,
    1.731550807701075,
    1.6275278695605018,
    1.5386214525623119,
    1.4482025393349602,
    1.3816043420390969,
    1.2963362665856903,
    1.2405120320817367
  ],
  "val_loss": [
    3.165486080487569,
    2.8079086230595904,
    2.6187839914957682,
    2.493793262163798,
    2.4106995878219606,
    2.3360133851369222,
    2.3019427339235943,
    2.237249657789866,
    2.2265105344454446,
    2.155557614485423,
    2.1701306875546775,
    2.1323216808636984,
    2.1465403885841368,
    2.1150781180063882,
    2.1079289830525716
  ]
}