{
  "train_loss": [
    2.8596855819132614,
    0.0,
    0.0,
    0.0,
    0.0,
    0.0,
    0.0,
    0.0,
    0.0,
    0.0
  ],
  "val_loss": [
    6.704267739613851,
    6.704267739613851,
    6.704267749786377,
    6.704267733256022,
    6.704267739613851,
    6.70426773707072,
    6.704267739613851,
    6.704267733256022,
    6.70426773707072,
    6.704267751057943
  ]
}