{
  "ssd": {
    "Car": {
      "precision": 0.9200402819738167,
      "recall": 0.7756834776702326,
      "f1": 0.841717339229777
    },
    "Van": {
      "precision": 0.8520408163265306,
      "recall": 0.5859649122807018,
      "f1": 0.6943866943866945
    },
    "Truck": {
      "precision": 0.9481481481481482,
      "recall": 0.5638766519823789,
      "f1": 0.707182320441989
    },
    "Pedestrian": {
      "precision": 0.7189189189189189,
      "recall": 0.2903930131004367,
      "f1": 0.4136858475894246
    },
    "Cyclist": {
      "precision": 0.7916666666666666,
      "recall": 0.24675324675324675,
      "f1": 0.3762376237623762
    },
    "Misc": {
      "precision": 0.9032258064516129,
      "recall": 0.1497326203208556,
      "f1": 0.2568807339449541
    }
  }
}