{
  "train_loss": [
    3.313110612930461,
    2.3618353757469412,
    1.968160873109644,
    1.6807130473979655,
    1.462979887776515,
    1.2877598577203917,
    1.1398584664585119,
    1.0298235771012179,
    0.9293459742305114,
    0.8525441973644463,
    0.7950468829429564,
    0.7332365194903337
  ],
  "val_loss": [
    2.7227552715937295,
    2.344694135983785,
    2.1868830494880678,
    2.039097583134969,
    1.9689520489374797,
    1.9864915067354838,
    2.010533269405365,
    1.9828725090026855,
    2.0307718272209168,
    2.055467056910197,
    2.0569034078915913,
    2.059877735614777
  ]
}