{
  "ssd": {
    "Car": {
      "precision": 0.9305879855656973,
      "recall": 0.7444387841738835,
      "f1": 0.8271698113207547
    },
    "Van": {
      "precision": 0.9354838709677419,
      "recall": 0.45789473684210524,
      "f1": 0.6148409893992932
    },
    "Truck": {
      "precision": 0.9219858156028369,
      "recall": 0.5726872246696035,
      "f1": 0.7065217391304348
    },
    "Pedestrian": {
      "precision": 0.7904761904761904,
      "recall": 0.2718340611353712,
      "f1": 0.4045491470349309
    },
    "Cyclist": {
      "precision": 0.8823529411764706,
      "recall": 0.19480519480519481,
      "f1": 0.3191489361702128
    },
    "Misc": {
      "precision": 0.9047619047619048,
      "recall": 0.20320855614973263,
      "f1": 0.3318777292576419
    }
  }
}