{
  "train_loss": [
    3.698857271177246,
    2.622215689981685,
    2.282842049185924,
    2.041364935829359,
    1.8426411179377433,
    1.667295266241632,
    1.5115170585001534,
    1.380819050605125,
    1.2564613132234563,
    1.1464041004325936,
    1.0494721762158654,
    0.9611576737606908,
    0.8882932141124406,
    0.8125696126371622,
    0.7592555695178516
  ],
  "val_loss": [
    2.9400030241012574,
    2.5458502842585244,
    2.3807173000971478,
    2.2748715063730875,
    2.169700401624044,
    2.1106917525927225,
    2.143133023262024,
    2.0459287320772805,
    2.061043598175049,
    1.9871094462076824,
    2.0235493172009784,
    2.043044264157613,
    2.061174207528432,
    2.054565780798594,
    2.033983917713165
  ]
}