{
  "train_loss": [
    1.6233923696180717,
    1.3961113335136424,
    1.3459643357816864,
    1.2913947662009913,
    1.2684960041374447,
    1.2173114982358912,
    1.1931169946244693,
    1.1767784957898493,
    1.149526928297498,
    1.1496809125743448
  ],
  "val_loss": [
    1.384964674313863,
    1.310187002658844,
    1.2549675078392029,
    1.2278161950111388,
    1.2586267242431641,
    1.1468996200561523,
    1.200824417114258,
    1.137912706375122,
    1.1332235554059347,
    1.065852013429006
  ]
}