{
  "detr": {
    "Car": {
      "precision": 0.4185421565334229,
      "recall": 0.8463236542706741,
      "f1": 0.5600943979322357
    },
    "Van": {
      "precision": 0.2920353982300885,
      "recall": 0.5789473684210527,
      "f1": 0.38823529411764707
    },
    "Truck": {
      "precision": 0.41297935103244837,
      "recall": 0.6167400881057269,
      "f1": 0.49469964664310956
    },
    "Pedestrian": {
      "precision": 0.2850467289719626,
      "recall": 0.5993449781659389,
      "f1": 0.386347642505278
    },
    "Cyclist": {
      "precision": 0.35428571428571426,
      "recall": 0.4025974025974026,
      "f1": 0.3768996960486322
    },
    "Misc": {
      "precision": 0.20994475138121546,
      "recall": 0.20320855614973263,
      "f1": 0.20652173913043478
    }
  }
}