{
  "train_loss": [
    1.6426066112390814,
    1.3827274717031952,
    1.3573464532905721,
    1.2764656909089038,
    1.2333143144288166,
    1.2046769560578672,
    1.1778859362245244,
    1.1721541120566148,
    1.1569096661984601,
    1.1129363042944893,
    1.0869944231873527,
    1.1128071411089464,
    1.1249357352760387,
    1.0653080316708687,
    1.050293020306424,
    1.0611103991454935,
    1.0161257453143278,
    1.009093777062421,
    1.0096421726247207,
    0.9736391873482395,
    0.958770571983753,
    0.9826758354105414,
    0.9582941706247509,
    0.9240498484615336,
    0.9234518361163331,
    0.930015158605448,
    0.9044155954995895,
    0.9142538288777525,
    0.8997001849951591,
    0.8913139166798503
  ],
  "val_loss": [
    1.367595521291097,
    1.302706697622935,
    1.2830775990486145,
    1.2352560470898946,
    1.1386742666562397,
    1.178155713558197,
    1.1120516500473023,
    1.1639202121098837,
    1.150160581111908,
    1.0904905554453532,
    1.106143177350362,
    1.0506032384236654,
    1.1246534185409547,
    1.0752556694348654,
    1.0644780418078104,
    1.0494620752334596,
    1.0214504793485006,
    1.044996854464213,
    0.9812548021475475,
    1.0082176904678344,
    0.9594359471003214,
    1.0706365841229757,
    0.9807288866043091,
    0.9356786875724793,
    1.0009175051053365,
    0.9502965623537699,
    1.0333886739412943,
    0.9931702130635579,
    0.9315571401913961,
    0.9330986399650574
  ]
}