{
  "train_loss": [
    0.4857104323495598,
    0.370000918674716,
    0.31824246581574095,
    0.2837596621170122,
    0.2632572291951806,
    0.24351134944463118,
    0.23007650671646318,
    0.22150658653491243,
    0.21011222614832023,
    0.2069832352450725,
    0.20260272990852435,
    0.19374588215325206,
    0.19140448454483586,
    0.18792136895774122,
    0.18259372256377482,
    0.18065150552752982,
    0.17947827569049668,
    0.17598093066608564,
    0.1722593694728585,
    0.17217634591886544,
    0.16865560744097208,
    0.16867589018242882,
    0.16764809445473042,
    0.1650730689432233,
    0.16305180659198903,
    0.16299263970617622,
    0.16221319561211622,
    0.1613673032809268,
    0.15879158611797833,
    0.1605836676114941
  ],
  "val_loss": [
    0.4209102166692416,
    0.3751201587518056,
    0.3379834761619568,
    0.3389485166867574,
    0.32402582944432895,
    0.3198909384508928,
    0.31066668156782784,
    0.30413201129436496,
    0.30450107061862947,
    0.31649201216300327,
    0.3006131324072679,
    0.2968220755259196,
    0.30120612784226736,
    0.29246916019916536,
    0.31184113227327664,
    0.30530546592672664,
    0.2984468742012978,
    0.2923711574971676,
    0.2904688221216202,
    0.2944981639683247,
    0.3072817145089308,
    0.3080507803559303,
    0.29006812116503716,
    0.28923728625973066,
    0.30971181946992876,
    0.289378592590491,
    0.2841648508906364,
    0.2851619706948598,
    0.299327107022206,
    0.3024066106279691
  ]
}