{
  "faster_rcnn": {
    "Car": {
      "precision": 0.8963343838115774,
      "recall": 0.9176430633384276,
      "f1": 0.9068635677127035
    },
    "Van": {
      "precision": 0.8,
      "recall": 0.9333333333333333,
      "f1": 0.8615384615384616
    },
    "Truck": {
      "precision": 0.8571428571428571,
      "recall": 0.9779735682819384,
      "f1": 0.9135802469135802
    },
    "Pedestrian": {
      "precision": 0.7021063189568706,
      "recall": 0.7641921397379913,
      "f1": 0.7318348144276006
    },
    "Cyclist": {
      "precision": 0.6309226932668329,
      "recall": 0.8214285714285714,
      "f1": 0.7136812411847672
    },
    "Misc": {
      "precision": 0.7804878048780488,
      "recall": 0.8556149732620321,
      "f1": 0.8163265306122449
    }
  },
  "ssd": {
    "Car": {
      "precision": 0.9329477292202228,
      "recall": 0.739514348785872,
      "f1": 0.8250449938429478
    },
    "Van": {
      "precision": 0.943609022556391,
      "recall": 0.44035087719298244,
      "f1": 0.6004784688995215
    },
    "Truck": {
      "precision": 0.927536231884058,
      "recall": 0.5638766519823789,
      "f1": 0.7013698630136986
    },
    "Pedestrian": {
      "precision": 0.8175895765472313,
      "recall": 0.2740174672489083,
      "f1": 0.410466067048242
    },
    "Cyclist": {
      "precision": 0.890625,
      "recall": 0.18506493506493507,
      "f1": 0.3064516129032258
    },
    "Misc": {
      "precision": 0.8723404255319149,
      "recall": 0.2192513368983957,
      "f1": 0.3504273504273504
    }
  },
  "retinanet": {
    "Car": {
      "precision": 0.852094009542322,
      "recall": 0.8188147393445406,
      "f1": 0.835122965015587
    },
    "Van": {
      "precision": 0.7260726072607261,
      "recall": 0.7719298245614035,
      "f1": 0.7482993197278911
    },
    "Truck": {
      "precision": 0.9333333333333333,
      "recall": 0.801762114537445,
      "f1": 0.8625592417061612
    },
    "Pedestrian": {
      "precision": 0.7447405329593267,
      "recall": 0.5796943231441049,
      "f1": 0.6519337016574586
    },
    "Cyclist": {
      "precision": 0.7831858407079646,
      "recall": 0.5746753246753247,
      "f1": 0.6629213483146067
    },
    "Misc": {
      "precision": 0.8846153846153846,
      "recall": 0.4919786096256685,
      "f1": 0.6323024054982818
    }
  },
  "detr": {
    "Car": {
      "precision": 0.4761551995555144,
      "recall": 0.8731533367294957,
      "f1": 0.6162511984659635
    },
    "Van": {
      "precision": 0.5006435006435006,
      "recall": 0.6824561403508772,
      "f1": 0.5775798069784707
    },
    "Truck": {
      "precision": 0.6012269938650306,
      "recall": 0.8634361233480177,
      "f1": 0.7088607594936709
    },
    "Pedestrian": {
      "precision": 0.3271353864032539,
      "recall": 0.6146288209606987,
      "f1": 0.42700037921880923
    },
    "Cyclist": {
      "precision": 0.3833718244803695,
      "recall": 0.538961038961039,
      "f1": 0.44804318488529016
    },
    "Misc": {
      "precision": 0.22810590631364563,
      "recall": 0.5989304812834224,
      "f1": 0.33038348082595864
    }
  },
  "yolo": {
    "Car": {
      "precision": 0.9477173707141504,
      "recall": 0.8495500084904059,
      "f1": 0.8959527220630372
    },
    "Van": {
      "precision": 0.9050505050505051,
      "recall": 0.7859649122807018,
      "f1": 0.8413145539906103
    },
    "Truck": {
      "precision": 0.9804878048780488,
      "recall": 0.8854625550660793,
      "f1": 0.9305555555555556
    },
    "Pedestrian": {
      "precision": 0.9364485981308411,
      "recall": 0.5469432314410481,
      "f1": 0.6905582356995176
    },
    "Cyclist": {
      "precision": 0.9406392694063926,
      "recall": 0.6688311688311688,
      "f1": 0.7817836812144213
    },
    "Misc": {
      "precision": 0.8979591836734694,
      "recall": 0.7058823529411765,
      "f1": 0.7904191616766467
    }
  }
}