{
  "train_loss": [
    0.6764292900455507,
    0.43737687425498656,
    0.37035650206122167,
    0.327545364173179,
    0.295381603369061,
    0.2718442535764951,
    0.2541753017707145,
    0.24382315924201897,
    0.23118567352686176,
    0.22465813117609781,
    0.2161253510282081,
    0.2107060769483208,
    0.20966636961236357,
    0.20156810237941417,
    0.19658296254468474,
    0.19298731518740003,
    0.19411830997522822,
    0.19198229533425945,
    0.1838191127065908,
    0.18199409437888764,
    0.1795674286195062,
    0.17916808160330683,
    0.18150944283162368,
    0.1746689444158804,
    0.17778234665386658,
    0.172572178462331,
    0.17280510011163944,
    0.1704822308309177,
    0.16953809727680555,
    0.17245605593686675
  ],
  "val_loss": [
    0.4725488338470459,
    0.41684829874833423,
    0.37118076280752815,
    0.3559905987183253,
    0.37010531584421796,
    0.32878066758314767,
    0.31609012321631114,
    0.3158527940114339,
    0.32582136019070945,
    0.3257089737256368,
    0.3125086842775345,
    0.2982268194357554,
    0.31868255166212717,
    0.3010659531354904,
    0.30315532714128496,
    0.2940812199910482,
    0.30642877785364786,
    0.3103335800965627,
    0.3253840720653534,
    0.3102745298544566,
    0.31023224105437597,
    0.3167238960067431,
    0.2910850835839907,
    0.3116942156950633,
    0.3171959047516187,
    0.29956043895085654,
    0.3205492692987124,
    0.317795107682546,
    0.3121978518764178,
    0.3113201860189438
  ]
}