{
  "train_loss": [
    3.6985626108346774,
    2.6219136389022206,
    2.2836106274535948,
    2.0411627038835203,
    1.8418573591718699,
    1.6654521467134278,
    1.5097827855597206,
    1.3814409255463491,
    1.2555478285141488,
    1.146224813067658,
    1.0479419558124745,
    0.9597064889967442,
    0.8882328723183769,
    0.8104828809871074,
    0.7572228812219147,
    0.701043503119904,
    0.6495515960542595
  ],
  "val_loss": [
    2.942195295333862,
    2.5497845500310263,
    2.380436149597168,
    2.2734531520207724,
    2.1644727029800417,
    2.1075586245854696,
    2.141461891810099,
    2.0531154081026712,
    2.0636987342834474,
    2.002433745066325,
    2.0364631582895916,
    2.0283402026494346,
    2.0804027040799458,
    2.0659414086341856,
    2.0513548571268716,
    2.0977254114151003,
    2.1487509643236797
  ]
}